temperature,humidity,soil_moisture,ph,rainfall,is_anomaly
27.49080237694725,49.25664644193098,35.70234102415436,6.845405988417796,171.59876348507782,0
39.01428612819832,67.0950473689179,34.81872794431999,7.093362794382744,241.6296987899959,0
34.6398788362281,83.64729179382041,74.3752748312622,6.000935797584998,228.0482789370477,0
31.973169683940732,76.61124432047805,34.972771990970365,6.749748199213998,46.169971408132106,0
23.12037280884873,80.32805739307248,36.316983567717855,6.643491966287497,44.77484092244217,0
51.24113420045654,72.93916833553587,65.56389574507782,7.165660753576542,80.452310323474,1
21.161672243363988,74.61382822589263,46.984390547032405,7.312174120962521,108.32241790231116,0
37.3235229154987,82.45978257826596,66.60263341731087,5.524313542954774,122.53667442254478,0
32.022300234864176,52.483400442959294,23.921969453863113,6.848039838117585,203.9091650500036,0
34.161451555920905,64.47124818215703,49.25427162040306,5.603671598239458,17.00412964975062,0
20.411689885916047,51.06047209098011,22.01681601099696,6.597717330154712,10.401811267819916,1
39.39819704323989,89.38340039983234,23.75919220732127,6.075265458087356,117.57316888317271,0
36.648852816008436,87.20296698433066,74.38624720066466,6.113553199044283,209.14910764139415,0
24.246782213565524,41.9713405684253,28.35472226705571,6.205917006904713,58.03060288694477,0
23.636499344142013,75.27875862578442,51.94524093651303,6.742584898099221,192.4513443768755,0
23.668090197068675,86.26241587078329,44.66573615604239,6.168099931337538,77.94844138208984,0
26.084844859190753,49.02876725636668,40.84059957553056,6.965398101180561,265.8258326440549,0
30.495128632644757,68.39726152763147,73.99000074123634,6.309054771147739,268.70698327998497,0
28.638900372842315,85.77441487940209,21.30940380652937,5.636706400619917,89.18616128439794,0
25.824582803960837,41.69729892928994,59.82738117053535,7.0675196849682145,68.99812618897215,0
32.23705789444759,74.871013362342,77.80366605281303,6.071516649185412,123.39119161986937,0
22.789877213040835,54.86745036862754,53.610091007710515,6.3655337591985255,72.15947555404462,0
25.842892970704362,86.21980976882652,76.20934772198551,6.870887766443803,201.7151529875111,0
27.327236865873836,88.55291225826838,23.135472757161427,6.164912314297424,247.81940536448565,0
29.12139968434072,87.2133244556717,45.12759914444968,5.6131713122934315,201.9276392733651,0
35.70351922786027,63.71071083287319,35.60946745772307,6.247842094025627,247.30513417480483,0
23.993475643167194,83.10213254946567,63.84925789884379,7.388897165388607,119.09764866224224,0
30.284688768272233,82.22746992675351,78.8778254298348,6.783468794597116,46.89509121265826,0
31.848291377240848,55.95502366216278,35.39180374665487,6.842958297334414,221.38528421927765,0
20.929008254399953,81.44577370753387,59.250476088444465,6.76456430727528,108.14235154246616,0
32.150897038028766,41.85038173577463,31.885857965584407,5.897984277918874,201.38124756873975,0
23.41048247374583,69.81349392410266,53.919815274296596,6.33666772820456,442.3482009249333,1
21.30103185970559,51.50044186438515,47.83594920130017,7.001879596726637,24.3688904420018,0
38.977710745066666,46.02834428886394,92.05621487699341,5.702745795106319,297.774538646329,1
39.31264066149119,43.84766008146046,56.51163636178799,6.0557055521794245,46.86045237917978,0
36.167946962329225,74.81443879390699,40.97038232520913,6.052638216931707,296.5262981890443,0
26.092275383467413,56.9937481884033,26.845747093276003,6.364037855189012,293.1839797699342,0
21.95344228012768,76.23833857643808,29.074809724096074,7.460737481884371,238.1454311724119,0
33.684660530243136,43.26781703994712,33.519015797074104,5.635005093367644,197.82688862459926,0
28.803049874792027,55.76451689153052,35.05799968041788,6.53740198876119,173.3421150753254,0
22.440764696895577,66.97456461876686,71.03696347046827,5.858729364024421,259.8304636133504,0
29.903538202225405,79.53615824194819,53.6733672969515,7.441353090819488,86.83185648584639,0
20.687770422304368,55.937625146603494,51.403454682461984,5.726607009454929,140.30436374546312,0
38.186408041575646,71.29456882185045,26.886132312153048,6.307202004723182,185.81699080995057,0
25.17559963200034,84.29888741180935,71.6083816009661,6.975769969669212,123.35714276084732,0
33.25044568707964,70.79315940911523,63.36885819250902,6.909108856054891,128.2459362270804,0
26.23422152178822,51.64797373768169,24.060101714000094,6.345457273787865,99.08540025062533,0
30.401360423556216,41.220039077826904,62.47010583378612,6.193048335905436,169.2695450053608,0
30.934205586865595,83.50494369504649,52.61229304055876,6.295224757105741,255.1723584045348,0
23.69708911051054,41.063470542519354,24.903520744806695,6.028552526317279,418.83025249171067,1
39.39169255529117,83.73508363420997,47.498038491719385,5.910665877413599,280.3299116260324,0
35.502656467222295,66.4468567013606,49.08177722780282,6.46607939511778,206.7262961244689,0
38.78997883128378,86.95338492564481,29.946472409796545,6.037067512135215,246.98196380400904,0
37.89654700855297,79.93916178868326,76.74188882001694,6.0749233297945,166.8572077890035,0
31.957999576221702,89.89670552666686,70.99852228883972,6.813512126949114,233.85501042721904,0
38.437484700462335,57.53559077258551,60.1413402397465,7.437074663399784,4.860119201840163,0
21.76985004103839,78.35941444655634,47.73773366003643,6.707274401118751,245.51412743386055,0
23.919657248382904,60.09654568046211,44.70593249507051,5.653958934129933,12.041657725609955,0
20.90454577821076,63.99378101519544,59.05840802905725,5.651167227708134,266.97401290885875,0
26.506606615265287,71.37527316091851,52.725912164414325,3.6566475824821927,297.588824171593,1
47.714308642760535,83.68385570931693,23.736386352913136,6.094581580614667,88.22023865303335,1
25.426980635477918,89.20417345996475,50.7501589262199,5.68413397216495,63.095566885738094,0
36.57475018303859,78.41367069322591,68.38421703397037,6.698089174300764,229.6090091574122,0
27.135066533871786,60.88833910836669,47.55439265581748,6.747297556580532,75.90790227607597,0
25.618690193747614,61.06785011385351,23.117394653256106,6.797009640237376,259.66871495166106,0
30.853921663164968,76.87911507944457,67.17669196304199,6.034804055715083,30.852777647243013,0
22.818484499495252,51.938857288415115,32.08182692815846,5.5302213684289505,37.786558913807475,0
36.043939615080795,45.52370565656973,35.51725009328233,7.430030738908943,293.7454665301847,0
21.491012873595416,57.73110788203883,29.882381205937754,6.001786091382205,202.1516694810014,0
39.73773873201034,54.361949582704085,39.81290389228985,6.852052576105095,254.06616732868585,0
35.44489538593315,54.81540602279951,65.4050903413181,6.913259739757419,97.2988132054554,0
23.974313630683447,51.680387552495496,51.16315157023624,6.720014834158971,202.94512485618134,0
20.110442342472048,42.104659481818096,32.29287644904275,6.125814788427297,178.27254819257917,0
36.30922856909668,40.89369673667069,72.66980468912246,6.0421925075281315,180.9450360368841,0
34.13714687695234,89.38611948680158,72.77491129709175,6.695336565405406,204.75973786131647,0
34.58014336081975,61.38865668679311,72.23470550276042,7.232191267223383,172.60775193872956,0
35.42540693371892,59.216332357984086,34.32777268289236,7.393467457846791,128.71871079079978,0
21.480893034681806,73.9823641346535,47.07436065085929,5.7118116088075155,82.77680831416406,0
27.169314570885454,50.912694393253204,79.0993793684525,5.80965722519544,230.5743992739606,0
22.317381190502594,87.49805919751127,66.32074857859942,7.389472517566159,67.88172900095586,0
37.26206851751187,79.3172507207776,21.63004527353359,6.973070456669586,207.70629184632426,0
32.46596253655116,44.47055011561297,23.912275475629524,7.265987649659547,69.99984679479799,0
26.617960497052984,60.87903878924642,47.835882608739965,5.9052652682706865,187.59905098633618,0
21.27116700572047,83.95591537810824,74.55321235169362,6.6751717422188035,224.1234801387087,0
26.219646434313244,87.2366011145705,52.32210787716285,6.902279188834948,65.61416667196175,0
26.503666440534943,63.37007556249348,49.868750482057415,6.8602237708939455,17.982990258392483,0
34.59212356676128,70.67056946053539,26.328421997397836,6.3163033817333964,39.292122898252224,0
32.75114942710427,48.35169730460376,59.40680628345764,5.530789783382617,181.79909018130763,0
37.744254851526534,89.55843130684883,69.32618963601354,6.665852113608526,254.83392186772065,0
29.444298503238986,51.58358506917217,42.825200450453735,6.006203078359217,13.49904637062731,0
22.391884918766035,87.13658870675629,66.53671105551965,6.4005084922857804,220.24537771249388,0
34.2648957444599,72.48233244961843,77.8685992340487,7.415162030167634,102.39559378501563,0
35.21570097233795,70.38683974394296,32.22598754766135,6.298070635284869,143.55851097585676,0
31.225543951389923,65.63442555082543,51.39977787168448,7.179603213328853,278.6578649536697,0
35.41934359909122,51.53349058588793,37.22827748507453,5.877081211498503,99.59145142075364,0
29.875911927287817,48.82640160027542,67.57126514203037,6.844920996050058,139.60108018184582,0
30.45465658763988,51.02431045350877,54.65560195286945,7.4540139088778865,4.104724428204332,0
28.550820367170992,49.32191310721272,58.074945053018226,5.703786201745873,24.47961600145151,0
20.508382534881903,78.97922367833766,67.87484957695364,5.516639884454384,77.57747734043521,0
22.157828539866088,57.50626295833651,43.75822835974729,6.367165585265228,8.355672246322321,0
20.628583713734685,42.89213382816982,74.90540410442259,5.685250966102735,189.4125978144753,0
32.72820822527561,88.45513150704056,51.9817320347684,6.9967686993524625,127.91950704048676,0
26.287119621526536,84.18929424817128,29.47728937012088,7.329097327697118,164.4435608184066,0
30.171413823294056,86.38761415976064,61.75394709012815,6.3680419454175174,52.39415576889886,0
38.15132947852186,89.74539113232177,67.59568102629527,6.0174232843108815,88.77960883098484,0
24.9858445829775,48.69476246097437,39.0057006240516,6.368806638013219,199.14734245581752,0
28.207658460712594,59.81210094513294,71.43075541992518,6.9468956357000025,289.5908170891199,0
35.11102277086097,77.91192378520456,74.36859528594599,5.518108323160742,15.12503208066276,0
24.57596330983245,74.8010309026896,36.614269242668534,6.678907978969394,267.1152962565798,0
21.53959819657586,47.69479531699275,79.01128836291332,6.726583369774758,173.06436039336253,0
25.79502905827536,80.79165624953089,28.442691682925506,6.775376493791871,169.1758700266871,0
23.22442574508009,51.22202859183304,32.1209401041494,5.984044159961755,150.0835605623281,0
38.59395304685146,51.19088074113115,31.053490354281568,6.928105446756254,20.818225771255015,0
36.16240759128834,66.84872114467068,73.63938260047223,5.682782972663553,26.9630555208482,0
32.66807513020847,69.64699674208515,98.7874652367693,5.898540672933602,180.27360169772584,0
37.429211803754356,69.00431039189056,29.126256993336373,7.254940093308964,102.28757143066748,0
36.07344153798229,44.574341869887746,46.41940510210094,6.977446301453133,275.1804199733042,0
23.731401177720716,83.87304313151901,56.917881504188124,5.527491108022691,121.97716120784168,0
37.85117996979956,53.2800021294353,25.007845099362996,5.996752520739601,42.98443761079233,0
30.786844838313016,46.47574606414021,72.94498210444033,5.928812965986329,214.4156500506108,0
36.14880310328125,84.43740399344887,68.21621212649211,6.041612656073945,88.00602643230295,0
37.92182599846986,87.78257491148767,50.31240641459829,5.995119540559773,157.64109220676795,0
26.360069499437277,83.10638086327253,78.02759691555022,5.625052591485692,209.34983565155102,0
22.201038490553536,80.4758037362439,45.06565875650598,6.417881033193641,406.72846129215145,1
24.558703250838832,72.7620990319511,79.04661914218987,6.96546694957233,237.65735844050283,0
28.542155772525128,67.54286853045696,60.07519992821762,6.713463449434872,202.90832036181723,0
36.36029531844986,44.34933799557051,58.08027639523649,6.84574333719616,203.88995471854307,0
37.21461166512687,60.42266065353493,29.9572937177471,5.662298357072478,283.777393209626,0
20.139042610623815,58.6344258506157,72.91566549827864,7.402981420353575,88.7472292489608,0
30.214946051551316,52.98768918801631,45.649381275236905,7.1769836676860495,0.33362825885622227,0
28.348220062975578,76.17100568442925,29.734004346948762,7.110180636991325,81.58636781945961,0
24.442156209414605,64.79378675393855,20.75645119854554,7.1459676100835345,65.3674138880232,0
22.397307346673657,44.0523107953824,53.585341018302955,7.365421016265523,198.55037553419945,0
26.75230342807256,51.009160097490565,51.64397732736058,6.588507932227396,190.11347992965872,0
38.858194078250385,74.16293818297979,63.16121734214951,5.900564035735252,178.03841481141714,0
26.464058640415104,43.80654297451501,73.41548318106813,6.733567215705082,4.87303296283611,0
30.37581243486732,82.56034570243844,24.76439507858177,6.985762987335878,218.63341633519425,0
34.060379177903556,64.75732635069872,63.88978942042174,6.975834786708051,97.05912374564745,0
27.27259204758588,64.0293288663324,31.244716645854933,6.54289804833376,199.51679670198934,0
39.435641654419214,69.62038923297588,71.49062318942984,5.636917438667156,166.973528550646,0
39.24894589884222,81.23404829625746,69.14381083169937,6.242225876860256,102.81927762837215,0
25.035645916507285,57.390460395109656,52.44762529913266,7.341533216926715,40.37288013123232,0
29.94497011784771,73.90080762795318,62.61456791739869,6.668897819514852,28.325669298144284,0
26.017566196335395,68.28659819978955,38.861006791024906,6.576663886511427,249.45549993366706,0
25.696809887549353,53.35141350847107,48.27007393596888,6.0377070287643875,275.5192626244674,0
20.737738947090655,83.9314993177579,69.2982138626283,6.236897839833158,194.93641402928986,0
32.19128667959794,79.8713010803464,47.55591183039283,7.2906921783063385,31.03023445814501,0
30.05358046457723,72.92259173292128,41.46789591952651,6.832926095053671,120.60816506647221,0
21.029575024999787,82.52908645471209,49.65274683501799,7.074774053504665,218.68176003154716,0
25.57292928473223,83.36471004799012,69.6949551462331,6.40869084613531,233.94626520302043,0
38.165317719333075,75.41814883575174,40.11248284225236,6.760494438912316,35.46558668732658,0
24.79123781333945,81.85066641818361,30.425695588144627,5.996767217486415,0.009215653614724761,0
22.897897441824462,74.87357308346418,62.72084121984685,6.910921660566973,213.6411137641815,0
29.78905520555126,74.00703858801502,69.55869276248491,6.355202667406674,106.97885279586168,0
39.71300908221201,70.93056891075922,26.038248711412,6.385091029629491,76.34439948547808,0
24.84110543023001,77.63583197788206,34.39244676535668,6.798644649153763,3.869240936857632,0
33.44271094811757,47.93025526465368,98.57096939609916,7.372561242937853,162.0898220284499,1
35.232392306574354,84.04353795994642,40.87648469493,5.628012693217242,255.34522062779453,0
24.752750879847994,83.5921763872616,47.021058734324754,7.149486474694015,287.28949388177637,0
34.56432697223719,41.462364151727954,64.92958021779839,6.0847662208243865,169.72348518398675,0
27.355662654385064,81.29083752823814,59.06885509290045,6.387838909012755,154.33839832196824,0
32.64611661187159,46.44349337367226,57.25571404870587,5.543826657550018,25.516915646772333,0
32.670594215217896,56.75594271295709,41.142496796579266,6.102092155668626,164.66184046277994,0
30.71549368149517,77.1754128145804,70.4868531850856,6.5052624852602605,113.99372368961839,0
21.805795401088165,48.03799480241541,48.27723004388987,5.612352154694878,182.14058426507307,0
36.70604991178476,80.8983512059531,78.74629628090926,6.48219145876633,116.61790436296401,0
26.415601299434716,81.6067088978871,58.04852829774421,7.354221257716855,72.08973703511002,0
23.730370207997083,65.37338668804182,27.575884493870163,5.71078643621561,28.48958256851295,0
20.81550283109528,40.31929358584168,60.57065372452604,7.028881456151009,94.47553337666872,0
31.817858863764837,54.35190665874564,39.506240925901935,6.319342106751986,28.993450286325682,0
33.55128723684565,70.84634591878711,61.17963180116585,6.810347429048676,53.06908524719518,0
20.331756578557123,89.05930890137117,24.178468889744344,6.0204731959704585,296.20084757386377,1
30.24186116598562,71.59067635083342,30.492886230557563,5.818984525082716,133.2310670719856,0
24.529915503958758,52.99017905320799,71.34423553434718,5.820925228542453,452.0885782700679,1
32.903455808188994,71.70028515498056,33.63077342141089,5.6409838912862895,262.0855586211646,0
23.487328580099827,66.99926898579278,70.22246751457641,5.871293409802486,298.67067014720635,0
33.81875476204932,78.99226975755718,36.75656530726462,6.828438769977937,174.81433480340445,0
27.734706926010748,45.34903194134792,58.572914603522456,7.263381223687016,243.74214631325148,0
38.73459977473469,78.05139512510141,61.64903441058986,7.128251371182324,98.08230730100259,0
22.750418882919867,67.06332893380551,50.759285188703174,6.870268619748968,91.72318723418734,0
26.82132702100517,88.14960019294973,38.31864060180388,5.720863726822206,120.81111629836806,0
22.269470424811782,57.0936083019343,32.75866258226577,6.078374892591899,201.75217880209473,0
38.49387236557126,71.6310946566974,99.91624342961228,6.1196137506449375,204.65750677652963,1
37.54678706761962,86.60140527550087,38.23678407444343,5.9999138927952425,94.57183039483525,0
25.15883255430311,45.12548639953396,59.18976743187698,6.5300113194194465,39.96297724098861,0
33.199680920683576,86.86142436182256,76.29828910690895,6.571107629759345,189.71887693965257,0
36.34444400402432,74.39428611504067,72.27226893578313,6.21377195034222,38.49775865662936,0
31.10401623198925,43.39185295525859,65.96388659211816,6.207578317472872,173.54775246879902,0
30.59301156712013,55.04817834734081,67.30684059519791,7.1571111958121625,208.0266384168927,0
24.837045818009035,75.40860443226407,59.89909420855972,7.078585696639371,210.1834489183355,0
21.862055356117985,43.36753007343859,35.61721145396018,6.115591663361491,226.041633197879,0
37.944315159066534,69.10852300881366,74.43170184234978,7.327576887746519,261.8578264696994,0
38.00836114326661,57.29415284764784,60.243938714350044,7.4056300340050125,149.98769758943652,0
32.66202914546536,71.04577588837385,53.6264378588264,6.153485084060081,219.07475685887135,0
26.780595820974014,42.28710169062564,26.659368152808867,6.208849897586109,185.751820609751,0
26.984191492253217,83.57684030761882,46.82333262838553,6.511268306843918,55.99198193930477,0
34.51911357740479,88.67444845886985,47.62149627211558,7.382241625067347,7.70689346082245,0
37.94220519905154,88.44389276428458,71.87381657136021,7.252638866284623,85.36241570308013,0
37.741728485302346,77.48259158714623,52.798893211267306,5.70513592516718,132.91011190128583,0
35.597510917152476,46.5043120065316,42.824032938224576,6.285461486542832,185.1317833285969,0
32.84063292308576,77.91315979645113,78.60801971063955,6.6067423794995435,254.98779915096162,0
21.682799299900978,41.229345822940076,26.64323559957894,6.50626494510308,58.87371501184969,0
23.232574281892276,41.106177576449866,45.352905698716675,5.887726135873786,37.66493696954313,0
37.97108377054158,56.18051095747706,22.521480510284317,7.217633542336309,289.0439842422983,0
32.1285811931918,64.43215952023328,64.39424724601582,6.8538815659936745,32.41336781292213,0
20.183941032332594,78.52037089038966,75.08459313194903,7.175816749703607,143.54732103215676,0
22.02943085732064,74.16476883032526,36.80223977302937,7.217528558698945,175.66911863799055,0
33.27003538216111,62.29513531883742,96.85651749265199,6.99671170733148,162.41232627223147,0
20.101231676924375,53.68133331408329,37.53309382771387,6.3784212024994345,25.80964710988296,0
23.216161028349973,89.85622500788556,74.64620969863492,6.721093510030849,17.10807420108581,0
30.974675787331723,61.309065111798645,65.23771421580705,5.8207308122394865,31.6450282383107,0
33.83790395385387,62.569351216483774,68.29440661048632,6.847290834949815,175.67630516178374,0
33.03922519005201,48.181191059583455,21.08039333602727,5.858506511478561,163.30346629029634,0
24.485386189211198,79.74047743749647,77.76862142444156,6.887899181020313,70.12223761102328,0
34.24358442695072,74.68411128907442,63.600259524219396,5.959196321507937,191.33224255367747,0
24.744981749936002,51.03848063943802,38.285065723168,5.73510260030044,246.02025061669482,0
26.507993963185356,44.11905228079213,69.76367989153081,5.830568980285915,12.47368795397813,0
34.92982810236048,74.02496510373565,36.891271904895795,5.50398427043814,149.43898306441272,0
32.992657980944294,72.72556071405677,72.36523037396768,6.937479235707061,206.7931236308071,0
36.98446820988356,53.662976349910466,26.75482342471622,6.964802098116758,75.69357812090612,0
33.15225784600687,87.54317811252051,62.22115864764775,6.529866699826519,92.33127158794473,0
31.36617206670943,47.55289458904501,52.44190859869462,5.822725602110768,184.09137089681514,0
21.87349535656185,61.6167400521301,25.79206821172645,5.66710867502138,269.38058803312106,0
27.35431606118867,87.18079600837994,34.51362969553034,5.538257932874574,242.9773260908698,0
25.30404735363451,60.986365846306114,20.74424217663889,5.831496353930442,174.93906572987504,0
24.87979286758167,71.92629738320429,48.12607792787035,7.281711069966294,219.06651532717476,0
39.46021109504891,59.87971989813971,38.07591564560002,5.983073683403363,109.4467410623396,0
27.861954493335208,53.7107601174335,55.90144905786553,6.2085426544344315,192.2896584296273,0
37.84093110354227,89.19888239799141,37.83426846251703,5.710690968962666,139.8544773382671,0
32.62277251994526,60.46670031575215,37.99514669041908,5.94472260949634,414.386796634333,0
35.89622607083297,84.70496018395673,64.5915919238962,6.5384491415604105,210.52148216317715,0
30.052741862103844,51.49773029455431,22.888570158701206,6.715505366191305,166.9393912046466,0
31.53807769252718,50.655235201254165,74.17369971151923,5.990704628332422,107.58647458607741,0
29.850353876377277,41.55670414422557,71.13583246347089,5.615464318450234,273.4017570235892,0
23.90485975596089,72.58334126879424,60.06828099358439,6.282065738254797,6.28023534801998,0
34.44904230523011,58.42631718618806,55.593294206443055,5.968406741852668,94.7319453748488,0
25.615447248817116,83.21791249198185,73.53814988837914,5.939107846459604,17.06441933329397,0
20.486319328629076,63.66049533457786,31.119810771722868,7.41972560542691,229.95819486648816,0
32.909445918143355,88.40967139573608,24.738149731449717,6.732600971851448,210.6322362341378,0
23.542213588140978,49.27627578515606,91.40591918173365,6.613756886344191,99.4056656208951,0
38.80917168705828,83.43115839778054,67.67469672201142,6.331550207046644,202.69887066212192,0
39.07857154005175,78.82984263958708,22.080216003589,6.357888666860289,118.78116785878495,0
38.29728780440897,78.5460922322026,54.968410105009376,6.581810007676162,226.87613742673028,0
27.403174005108887,82.23916140584438,79.7262509714786,6.892859614072215,136.2550988210118,0
20.30913233057735,78.05119954714993,71.34176563025237,6.904292192363659,123.68391834949966,0
38.566371251754504,71.31101608157077,51.28674134261537,5.8433878154109,280.4189746464903,0
28.563682966346285,46.56224388411938,23.818454557198542,6.500225504153254,75.26372996721007,0
39.33309638087339,41.6263089745626,69.88241086314258,6.3239161900682035,36.13420199896963,0
39.272399541785056,86.04239239078434,55.93871049063263,7.241053932538769,175.36293397783746,0
37.060189109347206,70.8325157260369,26.89597982357401,6.762837842436753,290.79654368525365,0
25.888977841391714,79.82686454880881,25.631437089401373,6.565008132831964,113.351764118156,0
27.701954572038506,64.0761175756275,74.57760916619554,5.730789284357835,18.611029088634456,0
37.02273343033714,45.86540944811972,60.152015776284706,6.711275778646823,101.79158019287023,0
26.338440103125553,46.259289610127524,69.75720795900534,5.734407811360467,151.77949629586755,0
23.38985493372185,74.27826436144858,72.73873401693604,6.174413151131504,48.57690198966411,0
31.136025249167005,61.51529474497313,54.30634112289933,5.7856839296286635,197.43066541694762,0
38.723095483215616,50.02623633501683,51.04678110530247,6.884147294048738,299.3248167030602,0
33.920595933499456,64.57972733707184,45.82564461925941,5.912504227672305,135.52184279443316,0
31.4012234017873,43.21044685375671,39.01679526746716,6.283718746376052,106.41856701906379,0
21.943529875415372,69.09857009571994,98.87042744446961,7.291349555237558,120.21125005033998,1
32.3001445339834,53.449670221754886,66.43277934380939,5.908632766797941,34.54385351856034,0
39.801077002085265,79.87795503185941,56.11540586090789,6.515610127917558,264.9820804278671,0
22.801680304730482,55.518097946178685,73.55139739729077,6.338543322332044,124.4476966564056,0
30.366593047274733,62.76100745409006,46.602800862751266,5.5362480820914595,116.18232342745239,0
37.54746143855911,40.58102699540503,56.425374723125245,7.085516227145625,197.9070818791423,0
34.81537235508409,43.62234438972794,57.87845318551932,5.6380918126292,132.61002627933706,0
33.94031481990536,59.62467782033424,55.501829738379534,6.448510041953908,194.4700406423538,0
34.049681679742186,63.996941735856176,62.15802638513098,6.6213565898779,18.433887039236254,0
27.189823024395103,70.00102740596519,34.246008102488375,6.756852913229174,244.11700311666823,0
25.871836885289866,54.58312893546516,50.741826652747434,6.877263258615751,282.1511858638208,0
36.18722310957027,74.74909430632712,26.25348816850086,6.00654476704543,194.62961584781578,0
36.20226789358362,83.00611985946023,43.07067965868875,5.519957553316899,286.3697786576432,0
37.341446371602075,78.99254944466749,49.26002411727586,6.946887324709824,45.429694310988985,0
38.26481105112943,41.980941267417855,59.13345557272835,6.571313198695157,143.2248568441061,0
30.226847977218757,64.02534736289145,77.0318631551722,7.172235406414497,180.54202018363418,0
30.030325893743992,45.246508920908745,56.039063992901355,7.142776725801388,174.520994226356,0
35.9659035793355,52.10225079312637,64.61563497059359,7.186652335575767,120.43853372671298,0
32.999278615555305,89.33312966335733,50.37596356971217,6.47018931995908,101.42532280987841,0
34.03933754515407,47.12477714507566,58.04624188257988,6.167256791673731,38.047206765125644,0
35.91585338872202,64.9444076725678,24.255932968026407,7.08311640518274,117.52273516868345,0
37.800106836351326,70.90778671590596,35.26349485051082,6.40258822605851,48.79824453164554,0
26.759903137030715,75.12324852720519,41.711185592308325,5.866884392806869,220.30970294766553,0
27.51165905279888,67.98243417434571,48.349601300390816,7.209948039122949,62.649280648376994,0
21.87963879681738,40.48854237095918,22.738924730143026,7.2651197535446945,17.569591585360158,1
31.56560281992348,56.3230654121996,28.40144585319906,6.43261951228034,165.7098413451703,0
20.71884547593484,65.88558216923558,36.60885846747834,5.651399454619575,178.5689198158205,0
29.311960362649202,44.39332495724167,78.29196145406304,6.2756521798338625,261.5739183841516,0
30.85289269415153,57.53134656045904,39.88082042618305,7.107075318925206,173.09448372530457,0
25.730825042565687,41.66015543956833,48.92246348672495,7.303548057092457,103.64425611703372,0
31.816665211380215,43.928924857751035,31.765862764303577,5.906945484995192,240.90356445789615,0
20.610004998780987,59.8461638100798,56.6468042645461,5.633947224050543,162.08366795622632,0
20.746963774984287,46.63578770215302,36.84099293095846,7.254700906265677,23.78408538935752,0
36.45201121319317,68.3770424130779,32.419554706305604,6.278809877957751,169.755168093974,0
27.20381282822526,74.47324845686329,50.99435770675875,6.583521928535126,272.4055636264987,0
22.541210253037697,80.02933495545415,20.33034794962525,7.436131624101518,118.89378764946616,0
30.444865201096086,50.007512212240506,20.45984195895352,5.6331294558284455,88.89774056994003,0
35.39987106197222,48.37412911295349,33.14412854611147,6.796636014904191,43.04083710540601,0
24.316420549936865,45.228392016720015,22.203281750049268,5.648210845149734,45.4336565806072,0
53.74743649656566,71.82151247718184,26.48154524784148,6.2509378569330005,129.83144530254566,1
21.70694929987536,75.32378632434506,40.331638960325094,7.107629090386894,178.70394724845886,0
48.54548208828607,41.5793072412821,68.15514077478878,6.366944465511269,24.184621550880525,1
30.62709263136296,86.81061231218449,54.32291860215805,7.494364707805901,281.87057670754973,0
30.81270243220213,42.59856418257362,50.76006355738498,4.404264846249758,226.54008523355878,1
32.74859802996413,67.06481676505352,37.6093293924873,6.142324305271907,175.9871754850988,0
34.52182667445323,75.45302597254582,75.90522316596898,5.940222651809506,248.53160128169725,0
39.517041589250695,83.54845618730428,43.8209024742315,6.201041068572324,24.05602704363399,0
30.326006966023904,75.70434660662139,25.225566007746288,6.245066547519102,143.05166331993732,0
26.45912945882492,80.08640415348958,57.02399096706807,5.637427355447922,189.02793805849902,0
35.90372389537407,56.972509627140305,26.830303608596083,6.239148398853546,248.59587183548678,0
25.416645025241486,80.7412556873256,40.71338856810152,6.42847703947845,235.0408680147803,0
28.779428414112722,44.00574231923376,50.44471632306853,6.945475504477609,83.12077491401989,0
21.56912762684532,84.74083280302638,72.45335148111054,6.813458969443216,282.2640508677613,0
20.50701486830915,67.37961880768681,49.61279482040712,6.917531310458308,416.68485782055774,1
39.2529682935585,80.86488849812469,62.13552596189986,5.516727363753715,262.54008558634564,0
36.71960241024412,62.615914225915006,79.56901033994421,5.9353347991610725,291.28207488138554,0
33.919484121873964,72.17888475982625,27.889347193878898,6.823368576799713,53.14605696678767,0
50.14784234933134,66.32013304680567,36.48389153117117,6.467978736359495,216.61981926113558,1
23.465886401416917,76.5794760877666,43.674564535858785,5.5106269513366914,12.08565563339954,0
23.12874085342172,44.08149910152948,45.30969071232988,7.108989284863645,121.62684754174649,0
25.004857963291904,43.01760419952819,44.66126451593274,7.045619146580675,154.88498975930221,0
30.984533294122407,52.355161700507324,74.4566601533933,6.596838325987125,174.19356777289022,0
34.29191845400125,47.97723400565942,62.84195866801139,5.632926651552545,280.7811744745679,0
33.203947534354626,83.58917832961009,56.47431284544223,7.0330300990651695,201.67520618825841,0
25.598677938918858,50.960699367902215,38.562363071766924,6.667427175462728,144.3833853657711,0
39.097305613263885,88.79326279095656,69.42742305327768,7.063919954315918,242.9025108797668,0
34.75793833391537,56.844789588555344,77.30363068909934,7.003493984791681,285.1598462863227,0
31.087081050228015,49.10589578443496,69.2718969530136,7.1060041439156745,6.619844604687253,0
32.234414924687044,79.48492535712396,20.093906311488375,6.53601613280925,405.46931745762674,1
28.3920012485558,72.9353887750438,58.18408221100442,5.78064903638703,25.8396417191041,0
24.95461979002315,64.90978582265694,23.068122886526044,6.842314946759378,244.3160337806284,0
27.119453573025233,67.76817754688156,35.456433220023314,6.740947570103941,84.10042576542375,0
35.15692220928738,75.96008891361319,23.571482020866302,6.984506374398174,39.65389732616153,0
20.287869772595116,51.422737066564935,56.22772717696326,5.83976201210147,131.95669191415047,0
22.321452810138325,89.8166958028371,61.195394809556404,5.889950399800578,193.18697383428406,0
20.920052840435055,88.73965810733915,26.86925828395431,7.280819034438657,114.28555350704251,0
20.814576046379404,72.51628431734684,43.030332982698766,6.999955596904142,16.36962248480969,0
37.10921168022014,49.97712254645725,47.374190537332524,7.316456977400646,179.83834189761498,0
34.07315718760047,74.01141212156458,42.14318130565499,7.017430642327842,270.7209828332024,0
29.483476581746505,43.60992044895879,27.26150002911158,6.694310611980604,114.96460978417551,0
21.95668321302003,41.532625110290304,45.136867411248524,6.808265474055747,64.89983328924811,0
48.65899298617808,52.884144425560685,65.07068286850509,7.27825584788002,132.7732037798446,0
29.469435415611315,63.131147836965816,24.26045987199533,6.657613509023881,14.508813314634262,0
23.464037398200304,83.41362527041903,24.810800844914205,6.764782648656775,246.14627534408245,0
28.67703298475946,76.3584534883154,41.28627751015905,5.812953432007201,247.90224328505602,0
27.97009468794747,77.13532605999904,76.5035426971355,6.447842440232206,176.40013902888853,0
32.317001961044326,61.274666722403765,98.3303426394107,6.932794223916198,105.93086668151685,0
32.701873017352874,57.29674962734815,60.72019740035389,6.041885396632731,239.935009333735,0
20.90608019544089,58.55193814923014,41.715199450271896,5.90450836104907,166.40610743651015,0
27.492252292529425,89.3824781868029,55.619647472512305,4.015686395223846,247.77969256500486,1
32.51719831428473,42.005459570624126,20.607871041664602,5.983001255985667,189.4376377749062,0
30.062725171601755,83.35157480612243,58.165762784572536,5.929825274072792,235.3216419638392,0
37.12979682376644,68.93377042861967,74.7972168545742,6.349701685736174,179.56889796532798,0
33.1738726323789,61.930770959479524,56.75440810068915,7.315677027767068,124.24232046469986,0
23.258688541628594,76.26288302075682,72.42191560798071,6.514119293477437,287.38375797784124,0
21.411374948008596,64.33344707123514,63.43838332796563,5.875840761630646,162.3341474636534,0
32.84838556412631,83.67116190408302,27.233504984221415,5.653943338761748,181.52685556216153,0
20.530226210832435,85.03509320056293,74.14719843715051,6.89231229027585,66.14629182442478,0
31.715511625469265,61.08604634367277,23.986630661346492,6.265597528872775,187.69523682818294,0
38.80460482849915,53.841389861752575,52.03804835286583,7.1436618931707185,171.48229484488314,0
31.50948355751758,69.61751642966811,28.52822742760746,6.81902153728154,55.451519384107485,0
46.034750636465844,85.61816728083454,20.702396643854243,7.092482901082737,17.876129205943116,1
32.86576436884707,50.53310945028333,45.32205560765834,6.0438920788368975,181.30779591443132,0
29.165057809830333,71.14832917817414,37.702442459249376,6.8847178449221165,229.10768080509615,0
30.9123357863187,71.57801100462603,49.16002962785618,6.028123969387438,157.02041127660246,0
38.8292961755305,76.65565112076405,54.63199320407305,7.378136958900583,68.03178759589372,0
27.722052756015486,46.57838425636299,22.62434433853684,6.772748563066749,199.95659300791047,0
39.22381127647829,75.79124823410443,27.38019770742474,6.149023600350684,24.031717982880675,0
38.107012839121275,85.45162603328205,53.51854378702552,6.0390237245845455,132.5501114405864,0
23.915822695785927,48.984155443512094,40.59004119035949,5.8818531701432875,49.010027519526055,0
21.38722601750331,51.87716624619388,63.75040925296688,6.889281917787455,55.33771531796501,0
22.01556002754853,88.56975470208198,59.13749891551638,5.937431225995855,60.688184747461094,0
20.364436513030995,49.04884763547449,70.73626177939441,6.6906065318549786,116.01211711319337,0
21.88885921511857,82.71925466847895,61.54956960015352,6.0292700538507145,15.345061686119287,0
33.66013546832714,64.61389282240174,45.79586464340889,6.823937889587738,119.33803227872946,0
21.42377296920458,52.36155372015885,60.377997343665946,7.129879457081079,153.51223413441025,0
26.379512605875227,83.53749506362557,36.52287045532511,7.0560504862893065,144.98828548989755,0
36.897506219389086,62.265262750133274,38.37880992669276,7.021702661861563,114.83523012091217,0
20.465438714716516,65.74086769648451,67.3391095952476,5.875444811384504,251.74398242122575,0
36.28936965177871,57.96166846998828,46.78517098409493,5.676769893969038,43.59800772615123,0
25.637095495468,69.64754257174637,67.90282043110115,6.897897656974771,151.70902313441218,0
22.363296552433127,48.17619362925114,69.3453424200967,6.236694427588702,18.61242508696629,0
33.934743307283014,59.55407683258804,71.45374025967703,6.364692452806695,21.346703663372924,0
32.57885693559768,88.47061611676438,74.99811415047245,5.562298185586782,172.15975490312888,0
37.549440270541055,52.90667163505638,45.859113230797774,6.019152898550098,169.8055274663463,0
34.70142087607772,72.8368332270646,39.13200909926833,5.567352807748928,263.4100538533371,0
36.06961860769697,56.259503211234744,54.93192479564683,7.258371545202495,167.36210269802194,0
25.64069145142613,78.67365628433004,42.270345406257654,5.986793366437061,287.93730612145504,0
23.548790875594456,46.54368303591749,56.06445000801398,6.614674339146016,14.608454519978931,0
35.012295032817164,88.49105225392724,62.33515175862948,5.577958641322261,29.40230543422232,0
36.136694785345284,62.68947706918196,61.30430110952821,6.833694782611316,13.219758471114417,0
39.81010284001347,51.8025231673232,42.47317322120728,6.146054691508188,55.583055100062005,0
28.25235353822853,43.67483736650063,30.01161210192517,7.295838373915331,162.38103328250344,0
27.440361715855666,48.48789525437704,45.83176030773245,7.276236377868072,193.6716544282284,0
35.528259214839935,65.98869742780089,28.555648644914523,6.150581236723496,13.67554738460064,0
26.816070805060356,56.850158821564314,73.4058221110285,7.301921791380936,283.7912669536798,0
38.61514651207129,81.44416829413046,40.75264764427145,7.492315346997557,252.64961299511432,0
37.16825503686024,61.54437618309029,29.267584833399425,7.150831328247897,88.98374464712793,0
28.579880547500366,52.435713629381496,21.526865594345054,7.189742695510458,23.15625906794039,0
35.017421355829946,70.8572493302015,58.749343177189054,5.99801747221818,50.96612196571718,0
35.09085748169365,75.33886084427229,58.2141390472846,6.653404797715512,38.0833241264918,0
22.062477376718654,48.35209539504749,40.4362499948775,4.475896410213603,36.985133789684056,1
38.05105813359133,48.380960814415886,24.30271333085906,5.689835873643339,155.56850659972017,0
30.105047448957144,41.83357134667715,44.577733693713924,7.497785224066581,73.75423274802009,0
36.52914932215484,76.82010075328202,38.67304970380361,6.153278498851822,107.44191495874334,0
26.400992020612236,73.19022638109026,60.627238384100565,6.9963678240976925,296.85160001529675,0
37.91046456992401,63.73154378749069,56.346754967161424,7.113330106053633,205.29427467760343,0
27.784033574683264,82.20852244845986,41.8756236918524,7.216046542014459,284.6942001141004,0
20.216753029605968,80.28350764750266,33.0735532552994,7.495256594804313,42.766966509934676,1
38.10763952838528,69.2677182198376,79.28215796933551,5.9829929705137355,114.64184244977078,0
21.82573353572267,83.41356402566294,47.24009727176689,5.5807016537194,166.4195409847063,0
26.3862727518083,50.292060501838414,61.29645414681422,6.322383035989172,23.027418566621407,0
39.0012393410161,45.5959809698864,28.433178054701646,5.760161339657894,1.2562330883873596,0
39.012142938751126,53.48748057584948,49.13538197956387,5.5448517783241105,201.13030013907525,0
31.46875776246572,42.854342804465745,21.652203192167928,6.220853654282973,192.5458550404306,0
32.63674424339598,66.5584764000516,50.327307074627,7.067476502150473,123.23664299988353,0
28.968910439566393,86.83028461474808,77.84104442706214,6.632361382450142,146.8932228096098,0
25.86421543396129,41.967177033425486,43.05240277914801,6.125555978420708,124.63290017762688,0
26.57329090739832,46.105495700501336,95.73431825355661,6.80868401098544,7.2015134534666565,1
33.45036912154077,62.60995141417176,21.85734745516061,5.964036360617621,100.61148186523873,0
35.047490588753604,86.69375087639524,43.27920559681217,5.5287628921441705,53.12467661918695,0
35.83158087451697,55.807805248837525,29.601496187791643,7.028706772872855,29.527256730410624,0
35.79236285589108,65.36174043441963,21.401125779691156,6.747486169728019,287.01613016680494,0
21.824122060973806,42.0786429525196,65.37281683701062,7.02460524900192,179.80791751264968,0
29.88840609405163,47.41716004810444,47.51138053291344,5.577876033375331,218.5968852709808,0
21.151175200332887,89.33150614794235,37.35468631835927,7.174239255661305,94.60912297983525,0
30.990577646474712,88.25593482180227,74.00499098098885,6.739052400072607,117.94413884820456,0
28.83061002746754,40.24699904672048,26.968337612031537,4.0300179175861945,71.07719816901704,1
37.754083655166,87.59058927116195,77.35512973731915,6.749228096229063,29.089701289627424,0
27.018300251041573,71.95599689077503,38.83800304264117,7.228866493736728,53.70949123247514,0
22.341340328552118,83.39591472600111,73.30422033852088,6.673873013117814,239.25421358894576,0
22.859833641056717,62.736992781692955,56.17657258876769,6.661900759776358,203.26374155513275,0
35.23021263434944,65.77980142896251,69.60244158448924,7.481358314131532,164.07866279564308,0
32.36436126632522,64.44232901284602,79.04078979262786,7.013460334137136,142.5269618600304,0
22.022453522455805,73.34321287730522,37.30432626912474,6.384587610902271,276.73028509683735,0
21.682136122299948,46.98256273781564,77.66812912445558,6.914794000065855,21.820484333600522,0
34.0193826291824,41.4986794936339,43.36891369414522,6.2784609433835765,84.1802439713748,0
21.45526012728387,55.396497079559545,43.130714284215344,5.957750924966998,104.98135607121422,0
36.437201185807126,75.23403813683234,40.42322625527034,6.693703753775519,234.72774366383635,0
34.124844543129925,50.09267260614742,52.48445644085511,7.3563641962279025,297.7543860485914,0
21.626975612837995,73.67162166624587,97.95578376257586,7.358279040030926,72.20115442714592,1
21.69675428170384,88.49560230536352,53.22268912148067,6.183810556210981,262.2922002411242,0
39.73279157002351,44.69503578947092,52.50228874460024,6.5553549324433895,249.1868281295374,0
27.485415915122406,73.63010591125632,65.7141087562922,5.923271797139723,67.39721929252998,0
27.412842941337818,62.187510965228554,70.01899771625514,7.4912622189977665,119.79977405976678,0
36.25599134515005,83.40711271887527,46.42648101874544,7.4622358157358715,122.90186078775574,0
38.94497154767717,48.857489472369295,38.13999496108963,6.799017859414895,293.4662005579675,0
39.720021276457416,74.63129761130823,35.56009383902567,7.108828119354946,54.267570413669496,0
35.067563705178834,81.90576448240552,31.677430202292314,6.9302003225674,239.7473913314346,0
27.525191710618316,87.23071097370116,23.45885493194149,6.686316438078936,100.25781425193297,0
21.670014333973377,74.16240141448229,40.546878730082796,5.606695993977795,219.2611037328481,0
35.542938318548735,64.85873820042136,36.21486152784699,6.409528685105322,126.00330128869885,0
31.1680849947161,70.8923620100607,77.98504315198444,6.849572604334821,173.507928934962,0
28.484440184939526,83.44524922393592,53.462529575002634,6.855063227767369,249.78353199783933,0
38.12708770189472,68.53048733194149,40.83662234183045,6.246245236844767,241.24966949516525,0
22.223949646123028,41.519352984841845,54.82805605962176,7.383383973316061,259.92695506191006,0
29.852502085817182,86.54743477534889,28.35180208074173,5.8347140644735624,17.885197603397707,0
20.227072895348382,74.47633755157806,46.642624952132174,6.500718892431121,207.61516591192344,0
29.373212839882527,73.82566928886233,57.57405928526383,6.881767953101646,41.99621301652886,0
21.126065513636746,50.78375761988586,49.33386990754708,6.894271611783618,124.7455704055233,0
22.376358325361437,72.94427351163286,44.10672803925945,6.797277913537631,164.57652451640655,0
22.350524935542097,59.69322028270793,79.63090333398189,6.050576426903721,120.82184542404923,0
32.984206042321276,72.5616488520746,72.81888572893561,5.812413137373244,155.88350274090226,0
34.92089758530847,45.32965151539953,57.40435748956641,6.7718806536534215,298.95789263958574,0
31.667375301943192,72.89226523015179,54.162641670936964,6.698604232278876,40.56519411385642,0
39.24345096949084,89.97068628853333,57.23962878947504,5.858712020578482,202.63681360092767,0
27.49741159047408,42.4106019430278,32.078726469345995,6.910278291141127,118.80028991568456,0
25.714241725637216,88.85870921106587,43.70826459585912,6.410343983467313,39.902939672198634,0
37.3719825637892,60.345398036143536,22.36757197345396,6.835521183206306,47.62102901229286,0
24.47191677038905,83.53767251686295,48.5327622492096,7.174734159540302,284.7819318736851,0
39.264450788812226,79.11927420291367,52.58147503745979,5.839456857153847,263.8804490135286,0
20.243089493796326,68.3508130493334,33.664984166192575,5.538289735993674,272.11258812450654,0
39.397576534152776,76.92246046256633,77.84173082993082,7.058205172791574,297.45983274821594,1
20.863198239011524,83.92577806506739,74.56727665623453,6.719394850305232,62.49461700255539,0
37.82286227396142,60.20701608255165,63.32859412735435,6.899279139244244,106.63180120921852,0
30.554022181725998,56.35165807816193,52.00319772592175,7.176309949977285,200.76570897746,0
39.85929592238601,73.37966927817924,72.19814957886109,7.105621869649001,484.00188319206984,1
21.475931294707976,80.39229709706294,27.839140629407773,7.421840293857649,125.51686001350005,0
31.077085688026415,78.11425673883079,67.4305876564931,6.571870157704236,107.34337480067792,0
39.38605071238198,79.89068244293173,27.489248838010898,6.4769912653198105,178.13418958303566,0
30.461956883402976,61.77916574064665,67.65263975296432,6.30377439978146,172.6780285920246,0
32.58797276270525,80.89171080875107,36.546054095081416,5.807382085688409,48.43735021927203,0
33.914973779692346,46.01045276853042,72.62543486109134,6.645214465764045,141.52195125553172,0
29.090821295355465,67.22445489804248,76.64252562952387,6.054025048651957,166.04153286295497,0
32.55116160168127,40.28793302490608,28.927758164306937,7.342615024425951,171.08608161941714,0
31.686286238462003,56.22929149501351,47.760536303923615,6.666381608554195,63.03215787370554,0
38.02316020981978,58.32307674356989,78.8592426897611,6.68568036101622,222.68141767568602,0
20.908927606829156,59.808634580462765,49.004446158388795,6.20984932175402,7.55972844632089,0
25.619263791844606,74.7733603344931,71.8128513508727,5.6039787039554145,106.4495566629488,0
39.008229681531176,59.42790506351729,55.32389132787919,5.563487530745977,234.06379456069007,0
37.80527567781833,62.43468113112653,42.51979447517611,3.1605437013165574,169.1678763166207,1
29.11313505571426,51.87720654371637,37.147013331552216,5.669130756194476,78.34872975325807,0
32.40265195603074,58.662589581467,32.193385465165235,6.713693911080278,208.48593580291433,0
25.54762365962265,51.363481363157575,65.70789148266184,7.261946011279315,170.217283246822,0
23.762423194475225,43.659796188422185,43.19243040938167,7.265829633037445,238.87308283691615,0
29.273968098799642,70.17242966906889,50.67652773204507,6.818090820264465,220.50755585694702,0
27.067044560521055,73.41063992775082,49.53952880007091,5.922463662945862,183.0323766108704,0
31.67312223701744,70.97451730048073,54.63674175398788,7.225993662717745,146.45330259324422,0
21.554692739299696,63.17470219002862,71.93462873747313,7.272186870626417,39.954637700257024,0
39.487896153323334,58.98928900896149,78.84436061500577,5.893307169905917,78.39990536561513,0
39.72421488959206,83.16668247859127,44.45505251442901,6.974852171541355,125.72984187512559,0
33.9632342803949,65.9540892568109,69.65113532637818,6.073039097854246,179.7897861019166,0
30.72192732688241,63.95909388148655,65.87166767928306,7.105280624705859,154.11235656459144,0
26.190552325726557,41.282103290321785,54.411737087334394,7.494475799807205,86.45535778785884,0
36.27590039413897,57.06239138130782,77.36282861671599,5.560052010658786,1.9393073369131653,0
33.69462345107759,59.00978093929285,32.02847093170416,7.294731731581864,148.87176657024418,0
23.252338786897827,59.94113904484502,26.555852618577283,6.745261067197316,85.68779656867292,0
38.21854368987685,69.00861846136661,71.23771801732534,7.446765238329642,220.3824902131605,0
36.45074485846338,66.68012733634393,46.34898899802489,6.430019035052855,7.183879581145048,0
38.99599826583848,70.39525463967223,70.81813125242363,7.194775861142747,175.44834339173727,0
34.5143901677672,78.2441630771064,73.5854123117249,5.624788137196554,282.44227125181965,0
32.2683039187158,80.64928693580467,23.747455617144286,6.170558100156591,52.322780133449854,0
28.364860725812377,75.90615381132471,73.00788577916364,5.63403307550242,141.4948472251786,0
38.65456966708027,87.77618479774674,46.89914332216533,7.450686266958141,27.42659754514145,0
37.32127779000817,40.91162913381808,50.62594934025393,7.133947814543673,187.70457367840578,0
20.904373402123788,49.788899284177305,57.59555066559261,7.205094842491941,165.15950417886768,0
20.52733948994504,40.37814374890711,75.58295640380521,7.375930462867789,122.2096572638497,0
27.52926733756099,72.37373570773015,21.146965665785842,5.670206972239571,156.41310644212237,0
36.21106661563665,84.90152744749935,48.610608099069026,6.2711951850266665,268.97239754070307,0
39.74552258629889,52.174114828814965,61.26332254583364,5.642069778088004,58.88829069332011,0
23.008337822070565,86.35172723981533,63.362417461893706,5.921586203100057,6.76935351160417,0
31.8826143070427,43.01336951447804,61.55194589222648,5.958731554075345,258.4994654097303,0
27.61781713262043,86.72180134027572,28.066107764487313,6.438214422095157,173.13512471637193,0
39.398287956292066,57.581134361981725,37.963735302300876,6.037124334907285,267.1975366385527,0
36.84237846271417,45.07104142246082,41.52293152502081,5.701956213635523,179.0835670239518,0
36.76657409422276,64.29358795931628,68.2662324607703,5.834982178188215,243.04832698791074,0
29.373863195899403,52.8388283860254,36.72559234487318,5.794551127104182,128.90200900654438,0
28.296390046753302,54.24364509809614,32.64229783203219,7.446153595824597,224.95797938648064,0
25.468141438614126,55.36449824631433,77.44688114228578,7.018585013836947,273.9124400669568,0
21.127509933018544,80.15129489163317,20.531797106808135,7.435522930539124,171.63688911666188,1
37.29444752510106,66.95806383376272,79.8692513409187,6.379480973015817,54.23554516871386,0
36.258020182601555,55.565384957800184,60.609277931443735,6.056736963325314,80.63928450905945,0
39.99435346572261,70.51668916554593,69.70815796694703,7.096586394418374,59.593373069221734,0
39.93273674147811,75.80753371115968,37.67716378077159,6.152507836082293,74.05710827871988,0
31.10863411205255,53.63120003667669,20.8589166600236,6.098766747410696,91.92463480531092,0
35.379748303610214,60.67745507626758,64.2721711136918,5.965011984415662,166.54013602595654,0
38.895314597648564,46.09430466684738,70.04867582004054,5.75935795644847,176.39748883914984,0
36.99294781354823,49.05746747673402,64.42856791721115,6.012926122033532,127.94992417255834,0
24.94696203486395,74.05589269824914,28.571017238050317,6.210639496947776,184.62623394625064,0
29.01088270620187,49.071917384781344,65.20567533541814,6.847988416291461,24.472477683409778,0
22.5831883030299,66.258169183353,66.13536692645846,5.625129684438903,26.336471117447992,0
39.08102054517445,75.45231308612163,59.512430940203295,5.921013879330686,51.548838107297534,0
32.1234926890176,45.34384615473719,65.96695596773517,7.118047280583353,155.42324941210342,0
24.572856110069253,68.36561098144517,70.75528638066393,5.793843847167541,64.19840360949406,0
33.43401368811713,52.82813918506819,56.8162468542475,6.185290293045043,84.9853210477732,0
32.36256480915792,88.146343761879,25.316282838180744,7.22931784371628,120.09385085189822,0
27.163254360656808,64.17728233599624,49.25766858003265,5.809850622286885,243.55983720311394,0
22.27115184399258,80.2996274887579,24.658960080296303,5.66547367123638,4.1586407738580355,1
33.43146391185599,67.51132710781309,44.45258186194585,6.469075990160022,194.81364607098672,0
30.406154018075867,42.170626642740956,44.42638934753766,6.104839022557073,200.6629593122056,0
35.44636783471279,71.65756877970111,23.960590648414495,6.626816728967708,239.59673410699097,0
30.403270022239866,87.57016711033285,40.92923203816876,7.10760978096695,279.82588171809397,0
37.043630006370805,70.08059100731656,26.65988592747889,5.774296976305486,6.041354684786948,0
31.03813677548971,80.95944297133951,68.49411260055334,6.66139816910857,46.135111653964856,0
31.218759430707728,84.2103231674204,76.86128155786824,6.511017520779728,265.8513882167979,0
37.533072053166904,51.40398859744663,24.338988515476316,5.7881575720264,137.5555686561046,0
28.06965732424794,50.60224199541133,77.30691243750209,6.747996971057965,169.37719168003906,0
22.680304569012815,70.54904944254959,51.354595960204705,6.047280835721543,198.90816111694423,0
20.57565352626678,60.55142349033524,37.973940677232434,6.475668637088025,203.71998134869122,0
35.10274511347238,81.99306514333603,24.61172451656981,5.6645446485541235,279.52212099495245,0
32.4061910270693,85.00115616990055,50.03745608422507,6.419168114427246,299.0848252235009,0
34.08159536198447,57.6710689651359,67.67093266944492,6.112926936085641,216.04723827928208,0
24.259283230178212,51.8435279487241,62.42518863600189,7.144762422370709,86.16636276154524,0
22.727429511735394,79.0262757621931,23.013560687838424,5.613957453994736,263.9257206883031,0
20.29089331335764,53.740301777406806,24.37411012207421,6.33721454983666,14.766274362228483,0
27.011751176131938,81.13071592568392,44.17239695795823,6.416862848262876,69.32425586234886,0
31.79835373709266,61.18691268243814,37.717429642876596,6.950012152598237,269.21571523911445,0
27.844880901994646,73.37749496457351,33.94305938336287,6.648575150180422,76.85745433180648,0
28.749498440474582,44.77676569173341,36.86026993452282,6.834424674388362,66.19531788652453,0
38.08317388987497,71.19296623382866,68.20896459781308,7.054098571303513,41.437587942074174,0
26.965109340466007,62.588383936861455,75.75368321791123,7.224405947316377,257.733527294075,0
30.279789783196215,69.3304231587737,44.30616167165398,6.127750993444941,150.01747775732602,0
35.67306025482286,48.40071038724317,74.36666012794981,6.576045410727806,202.46796091624643,0
27.930855646425403,76.8436872472091,39.28974207487292,7.1802161568784,71.7199152225089,0
32.44173400455747,83.13985387716143,48.586219180627495,7.478902261930113,227.41212630336494,0
37.2472741749349,50.836990004538784,33.56173986895998,7.279038622087526,228.00166348862956,0
38.990412473152844,44.78572777600809,58.428562530550636,6.242934525248754,93.77940747249004,0
22.941469618580758,41.18192930231682,78.73886691048853,5.890333034437301,123.20478990308486,0
38.53175250322989,72.0985750221633,56.20958576260272,6.478785074813177,62.907083229060255,0
29.842325861590766,70.35470180443903,41.46884504681293,6.983282903672085,292.96830699687126,0
25.164887765979167,67.33487063570351,58.869046759431704,6.485138141506595,193.68077311752347,0
29.182715124765224,51.59735480579877,27.375240707923254,6.466361726627337,280.36316421465466,0
39.60065150570954,59.54529979527574,73.31954481592392,7.176460842163602,91.01566308873996,0
29.85236187985739,69.72381675930865,50.185037046790185,6.222807558134373,234.56727389906692,0
26.575032205750162,64.83834294295846,46.960984522378524,7.219589349623291,229.7575931654226,0
32.668017086334515,89.38927601074437,55.151887307211155,6.3136096019034476,207.49669555996246,0
24.802912375563864,46.821987627836656,57.487031767364144,6.156466211356679,289.6916925800401,0
21.51726656217328,74.75722770237968,24.306548373590783,6.407979822399398,118.06660083189466,0
22.577594438212984,60.21593840521461,60.95703327340414,7.024893917349737,39.21519707692719,0
22.56091677915545,61.40998074628074,34.515900818931776,5.752004055727989,201.51265777321822,0
23.038053870245886,75.87988828290881,62.83715795039539,5.8928384317440345,218.79294014316184,0
22.776543452988204,74.62180756621848,69.3520876630518,7.402889651326184,172.5181720376444,0
32.81749489606429,89.56279968510941,68.23751045315122,5.850983254762715,62.04536794001888,0
23.637601687982897,46.41971447270626,53.15005804447335,6.635454635862109,151.3367825008066,0
26.913345666477262,45.20548246920832,51.21019353864507,6.658628933323875,93.65692097073882,0
37.935768198120236,76.21694085643705,28.572557680364703,6.47924892410049,128.23995845000672,0
29.479232805257446,68.91934585032045,66.52076902418813,6.789490497153637,193.56557275339918,0
33.35115477042054,53.70803332799029,36.28456282680286,5.959653451595237,223.56442280725037,0
23.446397424032597,43.97096844944933,49.80172536907679,6.605324535553496,69.66740727040293,0
23.845780376173416,44.282912479821526,37.056445575651004,6.244346510493794,121.597608194086,0
20.81737232532958,84.70954373320592,28.029701779981586,6.823334519258378,80.74847129748875,0
23.37870126144329,49.59336623593715,57.77346181350419,5.7824470867462985,59.58948415856074,0
25.57180678063917,56.168578105776035,23.25992208937423,6.641754833678952,235.01616599875152,0
23.540209685534936,51.3328201113494,64.918714047572,5.870540710766647,272.7758083310977,0
21.774050675141112,57.74981529159686,39.055207715666995,6.057286126230073,111.06965570537301,0
22.412717422012015,43.47119213730467,20.00808158026912,5.937419600647166,225.38367731213006,0
29.215575360654515,65.95298954541352,50.66774835423379,5.865675559737634,269.0985868093233,0
24.12667436811585,43.380628179610746,22.811114511656186,7.151421903121334,253.83726315906947,0
27.28539722096151,80.01782539111808,36.57017346925397,6.0714151353217805,54.84401656176777,0
30.068345417097138,51.685604095521654,62.41858924734297,7.354247563728899,286.8875644540084,0
33.80789657258731,67.00059573022553,23.761377297311952,7.439853050690382,113.00293212883874,0
20.78624279682198,84.0039543780729,70.36030954136014,6.642520939874195,101.7721983521509,0
35.98820797818085,72.5438684523597,20.229195359514986,5.786002245331453,18.7293981833341,0
32.558007789818156,66.64788932756676,34.809432152114134,6.2490964867591625,145.8520962314649,0
21.635180638977438,56.21668765576878,64.45424336912428,7.0954645266964285,32.70408469227861,0
37.47157248213554,56.6500956529099,38.97620898375841,6.234781457394141,74.5619462782278,0
38.417448010636264,73.4743477599095,26.113543283960812,5.674034436605577,95.08278653018442,0
21.221559197097275,89.70696806105838,41.61403512802568,6.613569821856376,242.6478970475052,0
25.537552962944076,73.09195949246893,36.22359718307153,7.190241702992069,262.64659511876897,0
36.12402559586123,67.88917086850125,70.56271412963329,7.091852774287005,90.73989523844091,0
34.96519380767317,76.5325255119623,38.80087505510859,5.8502462802607065,257.60943637337215,0
23.690420387127546,63.26028061418591,67.33594830656043,6.845529228824933,257.1692812109373,0
24.186986466734204,43.00711713003926,73.51232868864409,5.941008526871294,229.39528511546206,0
27.40944205582764,68.1148407938955,46.02904517459177,5.936415069104345,464.34289495173306,0
29.690459703820427,87.881264225269,74.59658863126353,7.24814354661037,207.09685407021868,0
32.36509543060592,48.76514711788298,42.63908323779157,5.99933790548046,283.50721937417063,0
27.378272791395446,74.50024454103328,77.8447049894065,6.026494693036023,204.7621436301471,0
29.25069432266296,50.04668443295282,25.357371471534375,5.501306781522599,99.48505473235019,0
34.94941876267513,66.79138422365406,61.22115599019457,7.241338068251036,150.17379522924938,0
20.733664057811957,44.83382248233598,49.62884242741572,7.08518962641827,193.71751300531608,0
25.048738886880415,62.51854681290926,43.25892832733882,6.754657870181356,153.17112261855107,0
34.26699171769105,77.8081664447623,57.96271272491605,7.000531527877684,35.985882519290946,0
37.904136753743984,57.3785762119491,62.23142549805987,5.804097134848984,93.6192133956062,0
30.233548842313322,73.24558622436089,20.261796179018546,6.416647189175151,240.71880916608976,0
30.642269705306312,79.77249803948646,30.01718532483192,6.202438774697562,258.4254138286552,0
22.14344022679552,86.35889097397263,62.78276303805912,5.687553052514033,41.19000981467107,0
28.948247336469095,51.73210409277267,59.98312481469239,6.472260970429848,285.7160257196174,0
30.652345329100463,59.96579579046541,77.96285030772063,7.341479300685271,98.6467853545828,0
24.849410072694592,47.62080066652087,65.66226741504698,5.580118238101389,198.694121619216,0
25.38486461898762,89.62417510791876,77.04636246388029,6.0829218269875875,225.54754378700434,0
27.545683262092453,86.35004839621476,62.152430092088416,5.915081872411407,243.58387039136502,0
20.401423955554527,66.99785651402797,37.883132518366594,5.976293307331392,283.72491066777906,0
26.441583311663564,82.10166471882107,26.321895335051387,7.3168691037587505,93.87586440864678,0
24.22896013993089,66.04789886360211,66.90943180069613,6.4361381084685805,257.55193636546636,0
26.54994704355829,71.17928440013799,58.64895328855496,6.432598825879637,39.50607103086211,0
22.395242636385024,44.456221605800835,22.891160743597773,7.021151284910564,211.5122719060778,0
37.8105456147979,77.7635210248404,41.6030279540587,5.808984408009851,222.59331885419576,0
31.871849071080973,46.38567418176174,77.40798892905717,6.474530708200102,203.31697236039614,0
33.58204638288979,81.30338151262642,50.02406874261207,6.35997042824212,75.69442084054589,0
35.783424772146766,79.1014043835193,45.96374816118228,6.693821381093312,261.912944104561,0
29.968843978581145,75.43723488714882,47.46197630955764,7.499115406500877,50.6575390111185,0
21.738405761748474,41.80801902623811,32.53296344030982,7.038897788164094,16.09043745624925,0
30.742130836370954,55.15641779726643,42.122430251887714,6.295731406034855,215.23949718357363,0
31.736822360417584,53.155628495542146,42.188795359230596,7.155106104548094,142.6427145698201,0
34.908789483686604,58.006820373575955,23.141301211248344,5.84141672662496,254.72940598760283,0
28.63319092459359,44.382137338191924,66.0540577110751,5.56092737261792,115.01914231747769,0
22.551606055911275,86.84789115155314,44.99026591423274,5.908896744928546,423.68494705965463,1
25.67551811597449,67.69011203561881,69.3307932089854,6.180823112228519,250.9326577409609,0
27.2616459279727,55.276215532901176,71.02088006719373,6.52116151491912,164.6728894920215,0
32.91834482663202,59.84907585371417,32.71964328191949,6.730258281082399,56.75873771710647,0
31.41556609337824,62.36012702524178,59.441208930207715,7.321211434428843,216.11519957593373,0
27.121934517956923,70.02971666803086,48.3369082497789,6.519708019100915,153.33409154685015,0
39.730304975859596,65.7839713848249,72.8094042752891,6.502551289251459,181.29389467209594,0
32.11549638713774,85.96959866072086,32.94444075058725,5.600486019645964,138.26950146197456,0
24.74453583471989,64.84817414529151,60.66879201860265,5.569823105312448,248.61269514540191,0
22.035649452408073,89.60790074116564,56.46512733516335,6.602319923832744,248.86881470491494,0
23.057182783686642,82.57124788725478,37.718088654309966,6.376357226496689,212.81664654731586,0
24.919154567690164,50.42552571786679,28.196054219070355,7.178360789960597,31.62041321893868,0
23.213627465191113,86.52976073219581,59.09838562863659,5.82135916942369,251.65615857122066,0
53.90973884690704,45.818319894273806,64.31584748793983,5.549943324234099,201.30389415987295,1
25.70190337387694,80.87248542455958,38.937640625800995,6.398077535860252,209.10724980128984,0
23.467471905895096,59.031164673829004,58.68995624133883,5.974957113504515,108.89485212116149,0
37.935308492528506,83.89871602225347,43.7078544566902,5.5992287466776745,263.783866847102,0
21.604674913232845,83.40283450537251,62.79241299695706,6.949196573695258,217.61148007045725,0
30.490227791405093,80.29627000588106,31.952916493643187,5.723185999914495,33.77713995875834,0
28.20793653979323,79.50152181535307,73.41290015817046,6.716639000015544,122.3334103218488,0
39.647572338172125,55.23395695490204,37.244575787934785,6.062099500333778,265.9141085880425,0
22.240778043361047,44.04596415256261,42.06715926536917,5.846992100710044,14.159010509213699,0
27.95711198091483,60.14900893825808,23.485517124820987,6.259503045838635,288.42498589261487,0
39.389408665507375,48.67622574932543,26.690732739276584,7.102891552445907,203.74877049586883,0
37.310142517879605,74.74755444512309,99.2801423672938,6.284187153809145,189.41279329301298,1
36.341441418985596,57.30498632688928,36.05556060367829,7.001539298422111,81.16777694639742,0
25.158056540898798,88.78051004299574,70.12881354453165,5.750972593598301,74.63753662175311,0
23.417751747801315,72.04860386726659,20.88160331929723,7.0455428393301585,282.6174658465786,0
33.372864398488616,81.12402818171805,42.74564292031617,5.9738666498132975,89.48173627023682,0
38.587519782551716,46.62623363709242,40.24073280614556,6.854786259777746,232.6515890156998,0
31.135257860278596,83.10072411363113,21.15965785505606,6.631563109681993,117.93653946212375,0
31.432253789397997,86.13785952566971,27.462103940030612,7.358289434423375,41.77622123541119,0
25.599581873205683,64.35309594094679,99.15289940379274,6.274645035950628,3.214589308607685,1
35.38985866383874,70.31264688754888,49.5718750668468,5.632330377668881,163.27720110457525,0
23.74087497115047,78.24049004514977,44.25738483529214,3.4641938646692734,292.7336455646798,1
26.473584728084873,48.741931363020626,51.85626070472563,7.1537171219455065,110.74085814276134,0
28.508728772328336,65.12830382317212,55.70790049434089,6.5494712753228645,107.15770019791346,0
30.1522075736891,59.933151388615656,20.595429267670138,7.050488103669899,103.22748535483262,0
24.848194648301604,47.31869960811245,47.845709567210235,5.968851200023029,156.16315119145753,0
22.29673649478407,58.37672111457657,77.8099544532553,6.190167491026467,132.19946502728806,0
32.21240084883265,43.40861546927468,51.14193680777292,5.560207744422637,263.9743880181043,0
25.772611064805115,41.29059534747435,60.65253604753719,7.4229846491482245,151.6562375170471,0
31.624764428452245,46.758314457741136,38.71183147501299,6.835735813401627,152.32735145657063,0
23.087254305484045,88.15575557945868,66.43948268916574,7.366410175518612,41.51147841616698,0
29.62280203709635,67.47647679475085,66.3752889125669,6.030992814858145,294.8218622731158,0
30.651788651031715,88.291108057661,51.27776285924834,6.722927222451322,74.9918672606489,0
21.03647073644854,61.6248939165066,78.56082939675281,6.856999936585275,22.0092202378808,0
26.732085563878414,55.59080665426298,27.533012885759202,6.135099400515177,198.94387469256264,0
22.688293538779483,65.3070931420122,21.01685989337486,7.19621847003126,178.6099110470618,0
21.267499409455354,61.9755844316455,66.20949270542576,7.394322925800496,124.54369619782372,0
39.7992046477989,45.2832342130872,68.42933224189295,4.410745797769517,126.65767016420342,1
26.44707689949446,72.0413157345103,27.212433747234574,6.978133951878745,235.51917631392936,0
36.1974889170927,50.80190912547998,35.93496997751636,6.054929359449908,58.71379202989472,0
25.092813095275275,70.97939774489149,21.053141801997736,6.063232084211263,246.0759956834669,0
33.63005444447859,72.51005461990766,37.598516646833886,7.426720640892076,194.62413416850544,0
35.20455719779373,47.601242656432404,66.38851243512029,5.520568991871384,125.69093213385732,0
31.912774812156886,43.06748135553341,51.07763166275474,6.932099946484289,137.40858497516058,0
29.431523771003167,79.038079303422,40.88573559009728,6.912492325110525,76.99416215582873,0
28.23681828294537,62.99002118846601,42.30435769437982,6.7453790818995945,225.63429980909245,0
26.977365330859904,42.90818977527379,20.08121754292809,7.480217692173731,153.86242269158032,1
38.59058288495652,89.74331585848836,37.98803165391415,6.123758871527451,96.25636282495307,0
36.61238815575459,42.88902804981833,58.78752449827583,6.179943727586497,178.81503472828507,0
39.300538213330256,74.75176144292766,78.45166662898143,5.657878805893111,298.7203356153969,1
22.485944469710894,89.18394626317068,70.82364961903397,6.385596273087475,130.57868389696614,0
34.617349504072884,51.95900521079628,21.41569787873175,6.022097052469697,276.2074202335859,0
38.76680913642076,47.11246843435981,73.91363628049035,6.186773404355288,103.50505197736983,0
23.6246613233132,46.069246971121444,66.99190479791756,7.169143580511255,16.419812077495767,0
21.32992534733555,55.16375737837978,66.82256741425883,7.370969027054992,61.272631910528666,0
34.82241298580118,45.052290550532334,47.47974554021429,5.8714661440103715,125.60854299830527,0
31.489462263598238,74.60806708470659,43.88031757727017,6.2450178631069315,65.8904785783707,0
36.83657553516544,43.114589906503134,38.174943729991554,7.357261124230789,0.06811146547666125,0
22.79544753252579,65.47110640748949,23.941691537261946,5.623616921378446,274.5004613242582,0
35.905346237197804,89.83484269264883,33.69412180962195,5.684721056222757,253.1638233692787,0
24.032546400954892,80.69851347530094,34.79621809868148,5.825581978412458,222.68766944608413,0
23.27311885731409,70.76097191155054,49.0446241826121,6.6904256682537495,50.344378693808586,0
23.285315958619858,55.312681039330585,64.84666439580164,5.800944542011995,36.109072862995816,0
36.29149440462764,71.19479181458192,48.428589703876796,7.436152762901467,20.281424841714944,0
33.303944413924,66.35207319558258,23.470666966829636,6.393429054517041,217.20875663187635,0
30.461308495382386,61.30416919451858,77.46738805929223,6.5030359207003325,278.6423882063656,0
27.17660968247005,46.535518837009974,76.56345914564673,5.993317231610813,129.1607462739111,0
37.544010816262166,84.33021076202334,67.1113725889045,6.441920504869467,35.74220159881445,0
27.84890214845271,62.48923244106612,79.47967409385323,6.823827265274023,153.71784621963198,0
36.33198878943154,49.73112559103825,52.66893996801578,7.002354273908086,104.64957223758904,0
28.78269817140437,58.38796754386448,77.76610101519236,7.007736165419826,112.44747730499931,0
27.538888588498153,60.706487626446346,24.536302437005048,6.655782225388177,186.3991872467122,0
29.25359571339213,81.37689477834371,41.940844895682275,7.308719549987714,215.61543397866072,0
26.02755748328284,76.6807190280701,33.52287608040595,7.134815694612219,33.18107966194825,0
34.95218760352502,78.46524468206698,31.749985048056203,7.014096229397251,10.677069241942917,0
30.054407801849585,40.55156322143236,28.448176933560564,5.611211043360921,298.29909080571446,0
24.644253902936345,60.80769990898808,57.3448184939598,5.513755924439298,69.81850467466555,0
37.991491465491364,64.06720758176618,66.8793113448383,5.924894554390946,16.149157472537723,0
27.67782442746423,40.95961384115284,54.69790396522164,6.827047187826905,56.962598728775994,0
30.871057222279774,52.99066043725171,28.81776257529258,6.322394977765091,11.687353904539266,0
38.12944221929094,78.01449115610674,68.66742619600825,6.304812518598624,117.5432683851515,0
32.48475991827984,46.855485286449955,58.15728242982371,7.269173776459228,240.72053533539727,0
22.337960814167282,66.76550657262959,43.28994236761973,7.291125696263677,102.37333492731618,0
38.796642472269504,50.76009360086188,60.44781773216378,7.318350528107171,133.25502206350995,0
32.55416106142836,40.60603873219466,35.59429875456997,6.127756153030054,202.67603207023163,0
26.698112293141723,52.06007287997707,40.71153250965263,6.882111625478523,152.66822102096407,0
22.785441453267744,88.7936877455027,75.04915058791941,6.0432663625487395,258.43370580639726,0
35.88050378540592,80.07685559414948,37.43027034028522,5.881219666148899,259.81070251372694,0
32.40145511857027,87.97883221605167,48.19929608947619,5.869264914694739,2.973208647346093,0
30.66922183952643,64.39270219631813,73.40846824376088,6.184215241727188,233.41389194495974,0
37.87785166101915,45.48680993387518,62.463281016051646,6.359915239559643,138.22008007250216,0
35.77194422449061,67.39797444868465,23.732193569882163,7.1618983421101365,296.6521623910989,0
23.033497594655024,62.71886672799805,92.66101368537309,5.739782186945424,144.96962276263054,0
26.234441355910967,82.2178541369808,20.47049544631501,6.969851694789789,296.06878361648927,0
24.969782796289316,44.90412903921223,57.855307413749806,6.5629098283786105,226.37080836172098,0
34.87892585145354,64.4120568510889,91.6874943839823,6.075890685351985,74.5814653839919,0
20.670648694715588,47.50243323469921,28.056491054136533,6.485639169065649,161.5184937860873,0
31.39779369742633,56.233796344503,77.47604726340623,6.099884139554045,297.6406918435748,0
35.24917371481381,76.86785386938999,51.7795834367372,6.692163910476612,257.2591823255771,0
37.53531273523499,63.80090646843833,34.51359764677335,6.367687845710488,29.210068137366328,0
26.841634974318147,58.794414257288466,50.03621426928245,5.828811058157758,211.91159904299883,0
36.42514609344026,59.72381392850177,60.777219964106465,5.733166149111393,103.67387576124392,0
22.212634739104146,62.97233842029933,24.574353078413868,6.59339136414426,2.094678564104435,0
36.92904583469036,79.25082719185284,36.482228902873516,7.304826066572207,121.04429070809988,0
22.54977324663965,84.60423444701172,68.41792945303962,6.187915373115371,70.42632651749139,0
27.945745811207345,87.76673432519641,47.57989222415968,6.966000214445247,245.66078115614147,0
35.94590731559107,79.34516931276475,52.794628521937696,6.817322709879534,101.19918265372965,0
22.998348546975475,55.77034478740064,45.96896013256816,7.363109828618962,248.25710818614513,0
24.58502790465283,74.4067353043271,22.633996558580307,7.141962034598282,0.17938165043859255,0
34.445051367861325,61.8801562027696,29.944986789209356,6.633210517810926,92.34574500783575,0
34.40073073092149,52.73353110230256,46.73249832451346,6.814060996468214,72.34956429232858,0
32.82295265770595,82.04357897129613,32.551127924475665,7.29677293316807,70.07020832058329,0
33.878968889342005,41.92131744811625,22.998741719580725,6.299037569173869,20.45598592963881,0
30.854488866951925,85.08809960677118,70.61897984310943,6.153589411715554,56.137281123150515,0
25.035981178139053,63.0738732312367,78.87155174984696,5.521622167270393,166.66487096568596,0
26.913919870078388,71.86007384041402,67.58857243980437,7.153102148382929,87.40832185132335,0
23.631954336028514,72.96769611028913,71.22709530228002,7.101961400806729,125.21843469874439,0
38.169011226672566,84.75588703532682,34.518627819022726,5.7089090362003025,113.06006410415655,0
31.66783589532241,71.83348410836037,77.63761853079198,6.6537147622654,262.7714774999684,0
28.017028335272798,70.69667923800309,31.815542267205704,6.427963396333775,271.5896997031546,0
29.240116072882653,43.3326020280345,77.08578862170994,5.737418191018223,147.88709149675802,0
38.94566679223631,65.9204010972602,79.68915763795707,7.461136454121447,99.04678509468133,0
23.067028062321604,47.50845004085208,62.70336834476292,5.929391774926711,32.04021120070909,0
31.724596640335946,76.87168843607428,78.86862390750932,5.634468360181122,286.0208638146285,0
30.11777357768932,65.61109604063373,54.17238677402622,6.689694759003819,18.068083470089235,0
32.22908470869296,74.01138896041766,35.57250699056542,6.977733354266065,89.29508327048413,0
20.36220367641681,42.083645030119214,46.219753139937254,5.564886892094374,89.41986035100125,0
37.44247817888303,44.23960080229016,55.61365612272716,6.817435277454044,96.12038584206447,0
38.64236564967224,75.81616940313411,24.384893721620898,6.564583751902909,49.28605298172278,0
31.30266367178418,43.60421679993367,57.340595877034765,5.706530017750097,234.94842927710914,0
33.93301647753785,43.56283638826293,78.87067020573767,5.845047753892724,36.74935858979676,0
38.449987623545915,40.605423761744376,31.406458987023658,6.635948594632161,190.47199774594884,0
34.14477268626797,87.82506991497401,67.555706977303,6.092715227026577,37.15380801174524,0
23.050780858285226,76.87541797295034,74.47392762677717,7.376631457302632,21.16069127788697,0
31.525767203336265,57.66257042510321,76.62209556921326,7.137480458968102,272.82885110576296,0
32.13430092765712,54.82677906438276,77.60813626432683,7.467134413027326,57.038629895611706,0
28.48261342604772,57.48516148729247,51.287578323288315,6.019341677900828,246.3750463679113,0
34.728884712494455,78.73267655905909,78.63847447949021,7.439447265595954,163.38926133214073,0
38.687340295380295,73.06853055352072,65.43861242806634,6.362467739583115,23.35695588263088,0
38.51137025813553,49.259778393373395,29.700286174217716,6.195037590627509,286.63445743142023,0
29.016787428082644,48.70546676670422,48.614006388078195,5.6006990539387065,74.08835009756775,0
22.264760916815106,44.91978248566986,63.09987052232024,5.605530515719205,257.89360360578195,0
39.69682397924669,73.0151359850669,34.840418949145004,6.88402251189331,50.64300173536925,0
36.77796172891868,78.2186331110868,58.436911012933244,6.415857988868056,256.18286464255584,0
22.493253624065336,53.2523214162502,59.99602874279715,5.953043252072211,3.9686438715881955,0
38.416837652347446,41.047248051545644,29.761984628513954,6.727940612650466,153.5341369708442,0
37.39792724124257,44.10858337382137,53.905118747165375,6.005716236500223,230.83277382646705,0
30.376761142521442,88.39300174225153,66.29761465871647,6.655263508688845,280.438655247835,0
31.825508714898586,54.77223887387101,49.933739872156515,6.218417493965381,272.7606408619461,0
27.980054077402606,78.46115739190668,20.726187006566445,7.147104453223638,245.88746086429347,0
21.095232776440625,71.23317844271318,20.54230814475753,7.141392321533559,266.45740489839125,0
26.70394483291802,59.09698198264479,41.42176063820073,6.454700796244802,59.76590575112295,0
36.05706897196023,50.28436310977776,75.57164410590693,6.201638218670031,85.25528871351862,0
20.092640460092056,46.06932090797032,33.72060677621653,6.225119593118189,86.69055747631755,0
26.669983433822885,70.75064840194332,58.06182133230123,7.111429051336436,113.11617930050964,0
27.963373871818867,78.7316890318894,33.324552241599235,6.156358965595224,117.99620111555662,0
30.74791205875846,72.19521267705653,39.300199379572916,5.918118747413692,163.36659739640265,0
38.39711232825521,66.51510666245792,70.88252537608903,5.669376683750613,47.963929009932414,0
26.926919887319226,42.097561171581816,63.73168653619681,6.433386241768817,207.3739991357968,0
26.939064037924553,88.42443887971919,25.723956638792636,6.464264197839684,50.269961791351946,0
34.75002496219497,79.93570958272872,45.72212125918602,7.181817420805814,93.09254463136426,0
29.044358817796144,54.64110183504824,21.750185818715867,5.942477392892128,151.0035391818462,0
24.49209645879964,88.99851646794252,48.85340879618054,6.2619825473368,238.9321684570432,0
29.04879032265387,70.09407948181611,59.746040702064086,7.116811477787381,221.8407699716182,0
22.817140407595996,69.12113291036232,27.11015741588909,7.147247221497947,193.66030692315667,0
23.527739730124466,77.4036589714766,37.333096334549936,6.269222151957536,46.73197817405105,0
29.967355454789594,80.58848940450687,43.87019753012942,6.418248046573362,164.1136036846733,0
28.378508990090957,72.82393036657513,75.17186147936299,6.106571781698566,26.233950539965633,0
38.296918021362,46.40478731831,79.59530092537784,7.365109756838624,113.20895303899523,0
46.83423643497956,56.91337529972492,22.694677939736952,5.737287531483161,124.05495908698775,1
31.61176700556087,86.40418201630249,65.66047540972352,7.36749884600294,11.943431833726148,0
32.64528575839061,51.230780592192595,42.30344398414059,6.867732903670687,82.19642984099154,0
20.261889131766672,58.60835119187567,43.547491173768805,6.563144305373463,286.6948401799468,0
33.27074744033421,61.6038441472098,65.25589840082137,5.565318121568992,286.08978234890685,0
23.560719337395028,61.97024948472261,75.10558592872451,6.451192383644017,105.69811627576179,0
39.2214063493891,70.64697912472627,77.0557156701529,6.315496210005465,12.930032684497217,0
22.973254555062258,87.15379188723537,54.627355162299246,5.822437623950245,481.8307817675303,1
28.292482474540474,52.034635591625246,41.42726955803017,6.812819207001314,117.66533803006205,0
21.706993361572877,46.0750688150459,67.25294515152675,7.442301814736572,284.33390939076895,0
39.93748503691894,49.873524492996864,35.060082995738014,6.6243776221290505,42.359719061155474,0
30.04390020662485,84.34624501046348,53.84444173001106,6.929506552887892,229.05475310046367,0
31.907700346400876,72.2905406327603,41.51470769149239,5.636900905132034,32.604761812407624,0
21.34152954776855,54.29533946195801,59.397864422472566,6.3353339916339895,294.37727321738305,0
34.99920940798356,80.79734694843086,34.42393477361041,5.732716970328992,114.48494973274049,0
24.198111861911716,83.0684998181718,31.495576744089547,6.725591671073021,232.57036166971682,0
37.96108578881427,82.3257169345139,75.09434520052622,7.376964316428309,102.77732484333954,0
24.102792809640142,85.94632668197772,26.108220976972213,6.8235554649432775,188.3006631476426,0
23.81375441327333,52.612051008668075,50.3574744640959,5.6536060966288435,57.60482542201102,0
20.730993356961896,77.75209643731392,33.251166977780535,6.209332409970166,43.80630578908876,0
29.441338902199984,63.026974863707,22.335797799540046,6.601326758881703,281.4192418704394,0
31.29682266525233,82.09992764450308,22.161129097485585,6.306415512266504,275.29418337133006,0
21.31417278856705,76.42453385808065,30.513306326349642,7.167288020950345,266.2406820638647,0
35.51055233390021,78.82237232498623,72.00622127036002,7.129342009419979,187.63003504997803,0
29.065776694960554,72.80809188405357,36.9487246386216,6.723662040206443,242.48046336488346,0
30.4878053865516,48.87143847348534,77.02755023451775,6.24691589026541,20.711081073412473,0
28.81525493876456,67.25134594484692,54.897337579351614,6.010672747526488,100.43671256720374,0
28.01526121750652,89.23348697622541,46.196851386125964,5.711748636426258,94.11093742714687,0
31.19280662616436,86.86940332485594,54.80533008016727,6.209795366973108,190.69359658578398,0
23.10480491861425,42.158686789850584,51.00190311357606,6.326345034415439,106.78733204119214,0
23.63856260990542,48.24074078647186,65.5265752254395,6.851645850208147,44.552034493104244,0
37.235712420270346,46.58643867272809,36.949763958371136,6.816319648595147,178.94012262406312,0
38.922309242672654,76.29899549926478,41.183023496018144,5.640216279282514,244.31517620072444,0
27.46618632559506,80.88926649284726,73.64565815199504,6.290518630862316,114.63704833799196,0
25.414893462871078,50.675568315533596,76.78739078902433,5.863557734434724,39.68061452954451,0
32.87999086478031,65.29263464759146,73.55349364918847,5.813625410633612,59.006459193846915,0
28.17468342196193,82.03515140056,45.16687963743881,7.154604299474492,71.2449915508152,0
20.507727113206897,76.64007723831253,66.82193018041289,5.5838304334325155,89.96927789836087,0
23.12305194732381,67.11186027459242,48.58014399806593,6.338365751804242,192.83852115189273,0
34.31944457694795,69.51738452293864,49.85239112876613,5.836407311533036,180.2836453613157,0
33.17847883820303,65.418027345814,32.28080654343704,7.258660431356948,208.82395847011173,0
20.541919850069668,54.87742256594103,55.467818195510986,6.61408102655007,108.75059535945395,0
24.43944323865899,68.2510996429508,31.16815386520088,5.962761272753696,247.1992955639935,0
24.62149593176143,74.44426510250453,39.89388194403163,6.504854574332753,61.22629834672808,0
33.437854871974565,83.66614579304039,71.3018120971961,6.962972719406231,140.7122242554462,0
20.394210755087283,71.8145676989624,32.424548552651316,7.416236017838868,240.2816164624291,0
22.082171639691477,78.0560768521579,24.26949711040597,5.940892008490838,54.04759431978577,0
35.99832170746379,48.003581747728646,24.140455556768977,7.27236354425869,32.958934122234886,0
23.570893241086672,63.077873720989494,76.44707123018648,7.36860822833498,265.10519030639693,0
33.054922157037495,40.46658099135467,50.415226277710076,7.332841089064132,102.87889882775877,0
24.76365562093453,52.33394322608115,44.5647243090211,3.5742500921526528,205.1610374727096,1
21.988827855186905,76.32308575565024,68.6527148604751,6.759641308869416,7.604581279181543,0
24.86344381998908,89.59049756746816,70.14955567463096,6.3064212663676456,207.0140665228349,0
34.44533863711318,44.958904979360796,39.93146198693628,7.004795764607576,94.83039346409116,0
37.11392936212572,60.074715793064414,61.617083448427714,6.562588036701864,16.722256076232522,0
36.604397291339836,80.00354843495798,66.2673689511132,6.854876142456589,182.94382846443511,0
27.943670592369095,50.20178173144494,59.27904121195727,6.356915807697591,72.24114482195198,0
33.36170273141292,67.7542474651143,29.095704488005964,6.962992928086278,116.042172615564,0
24.09968590831642,76.65356480148374,72.55298501102342,7.148943035209098,24.174243685954078,0
25.862954605220267,70.79927251300896,52.34567316416052,5.792872513205632,44.148975328483594,0
37.9267163704224,49.401236730770805,36.94834558220022,7.165859431148456,89.39317064875313,0
20.26003847021472,57.76922843428697,45.513691126261634,6.580593063580615,26.92785016804714,0
21.71017061708936,79.18958922426987,22.25426542393444,7.189331818180449,273.2478794058946,0
24.157725102920544,67.71132570660083,27.672008073345054,6.362603412682029,1.8141129551935253,0
54.840894639665144,40.261480677145634,65.93280503095164,6.25808097076607,145.1580656592934,1
23.628708701795947,78.0495380014047,20.000698085321968,7.330121465034445,36.97423743976543,0
31.66083121939384,41.76556774701196,44.993949708937535,6.002338535096802,92.30372684338455,0
28.428491011849957,77.2866891365616,51.35061086513531,7.188424650572286,277.81786794547963,0
37.8534342215395,50.124028008261874,23.278065200058336,6.468041145018808,48.508365982196054,0
36.34887123476882,87.90367400596901,78.38468977833998,6.52819088510252,289.7496959154998,0
26.83634703395752,58.39703756510423,33.56751987498032,6.116936562978968,61.738313096826516,0
25.188468668625852,56.34658081690395,38.25192317817685,6.646084401238031,222.46983254004888,0
27.59384816334534,47.44440251662223,38.23655073530164,3.531096843532641,164.00317946919353,1
31.805898850296153,55.28021077451074,33.824999727040996,5.578538828483305,265.34361827902774,0
25.361272816457525,83.83253809141003,20.088429325178684,6.043997210688712,166.1979766509393,0
32.48297815698268,89.81671688136237,63.76068764527978,5.512758086813181,160.3677657468926,0
28.18823304382481,58.41547652534241,78.01072998795712,7.456709574113713,58.63740011051996,0
31.040943617039606,62.43053154772713,33.4576089971027,7.431494419639495,49.86880861549762,0
28.722530582706334,76.10354691013686,59.78283150820535,6.29031059494461,274.9467453346543,0
25.889315190838353,84.30978902325373,64.51377961752291,6.956741708679292,98.35145965501022,0
38.96906613924313,69.6522167093392,70.90552274543148,6.19161219682085,111.62467648886877,0
35.27211588319521,59.576284908891466,45.357751820816546,6.842186314171952,227.9470975285165,0
22.802263515329052,60.63109204243119,38.17585433842575,7.110860086091958,101.64704472684221,0
37.36935951795826,74.78090732484034,39.517708041381866,7.393512489384482,285.6187339917008,0
29.748623964990273,40.16091318021393,62.75727998591077,6.300424551699344,221.3783306996401,0
37.891044537881825,70.97946687299203,69.00676799033816,7.066595965912096,179.228772772026,0
35.99710511894631,57.77465052206787,30.89683806539616,6.031856901264238,264.26854816342575,0
28.50427008938467,79.7098665638542,42.25646048946591,7.480664607587297,448.92388614277746,1
20.44938616640235,44.64953199115661,74.116411804949,5.551539197528703,77.11880765676263,0
25.37354718769892,69.41011334741953,68.40161118168436,6.707057613002242,139.51090026627298,0
30.83268429321734,64.04864449430619,79.09150416574855,6.819011963302654,68.0935618414563,0
32.669564396522944,72.11627629526137,65.25489558092485,6.876091114148258,223.1715561906456,0
25.157753708664046,43.24267972414842,43.59171206167534,5.740775157578178,275.76240931611756,0
22.78712148145648,68.99918937140657,55.438270039678265,7.377059566946261,467.42935737000244,1
36.69860473598598,68.07422939797618,59.66085525483922,5.862366558100166,102.63978003356848,0
39.68804361407104,68.03300472080855,24.707348979027437,6.745506806479682,288.46521964126987,0
30.513803646053717,70.17438332982275,52.669817546231904,5.94535215824617,133.45572984826225,0
23.43358571696607,73.82339686131812,62.559249708356575,6.114432834042542,146.71452013478498,0
25.44614653038738,80.24944998403848,30.039278240063624,6.592917083456249,105.49496170257162,0
20.367813530949334,53.49103600641072,66.83790304553344,6.334386837129153,272.8645419036415,0
38.28597613120998,81.2524705090031,55.0263668308467,5.820451201953013,170.68664498455522,0
22.355021657802823,64.91278411317268,77.13330714185568,5.841872804841697,228.6523761544934,0
31.53032951028507,43.852913956716556,22.545337892413503,6.3362895763255995,243.5420155052659,0
25.48110441374412,42.92754646219896,35.919568253328016,7.014565956551001,102.55471257517745,0
31.083560050315867,56.711915934803045,56.09323275798944,7.295929293695577,130.108299396114,0
33.02840776703729,79.24484885557338,37.79359473235584,5.668255324518766,254.5415323218794,0
36.594836074144034,75.3840467370458,62.86544984427453,6.286207815118802,108.97660550274307,0
24.128425435212066,79.43074823362032,65.54031695131586,3.2582962191354494,238.1805400355554,1
20.21991657316961,65.86345282208046,26.150957843988465,5.533184961265196,282.2976967723311,0
22.737712601376145,62.00994989777453,50.831267852406064,6.823437365287913,186.9631119204021,0
38.0003728369621,47.372626335314195,50.53343333546336,6.704898883933176,222.48818623556667,0
37.47780155125031,56.40963768046558,42.156846212932464,5.826038227629772,241.52919361234046,0
31.948262043406167,61.70096830869376,75.97549175418033,5.967625666186128,253.51189466899277,0
54.45715108441024,44.43002148398086,69.65037919239327,5.5474155072890365,118.51600135703879,1
33.30073349092511,51.03059763556056,61.832562914578205,7.169894411388808,15.379037752799452,0
23.507425572468993,69.91126470318694,62.859598144099856,7.449381192097103,120.56288137102186,0
38.2882389184992,76.7831557119595,47.70296862878715,5.770919073589382,202.12686893522692,0
28.375410497841465,89.91737556964748,75.25967126579455,5.962950427530596,135.10511573423784,0
27.66277056498995,86.65566656717789,61.675725635197125,7.236819047893868,224.68894525811956,0
30.37835410565675,72.12825997675958,63.73886369934899,7.352927595912369,107.09472884059916,0
20.9393193355011,61.0624026647036,71.70145422724072,6.339254765613621,190.42324233120885,0
23.32566737512159,71.80886823541164,36.444295360531456,5.6012449445381485,55.925941456192376,0
34.760672328527406,79.2825809040116,68.42425423200217,5.578783667385639,224.8108309934871,0
21.65597335850253,45.91680954616937,31.714436177389523,6.647899732138021,163.70879064390775,0
32.06304218932776,60.495244484814414,40.72051713469327,6.285790217786358,61.21931656398017,0
24.90698219362642,81.99011428178086,40.136627256190565,5.557304855155309,87.57335204934218,0
27.785912280839533,59.1916475966522,78.71152810334843,6.666504784625113,224.5826125745497,0
25.773874735413997,68.59361356135932,71.39223342487561,5.522605073178045,144.7803706984562,0
27.113454329298982,69.38846804310991,62.07019169541559,7.074743916298546,64.80943211792166,0
34.380918103684905,49.22381265668197,63.623405696923406,6.112865645406743,290.1813571110893,0
25.9424343124635,58.11177208261442,53.724367664154265,5.580516006018464,214.53750594506639,0
31.328092805937942,56.72556443709661,76.82544002651115,6.676704441966306,287.14044976193884,0
29.521008043981993,41.30983542660324,49.77552517294169,6.29536882886611,128.13151360810298,0
33.27342330725296,41.209588194567765,42.831062592193675,7.447600826714299,142.53010220751614,0
38.73659478649516,81.58485218378868,29.78212021589546,6.588397325007405,269.38656485550575,0
34.651441944205004,53.65354049864062,67.17233913566348,6.050478362074017,157.51480207361539,0
24.298807571815136,65.90393831194078,64.06663592453549,6.918877729267949,212.18367357170015,0
20.623662701225694,54.93627867943865,43.06130231144809,6.042984005085422,75.65186324865898,0
25.2452808859965,87.03396225576702,21.51160483755376,7.30848658281513,134.01794061079215,0
31.901558614005097,52.964837943288686,70.33983966308065,6.249443941014753,37.03495974310653,0
21.028516269685007,61.482840636946754,20.68507900724442,6.59973712555241,61.7940107630885,0
29.927324944024726,83.63651252423008,62.221986777743055,5.6011462076484575,454.5668664968635,1
31.936856978337786,82.09667833959043,78.21542658356341,6.352242475904461,11.77951549459807,0
26.684877816339217,49.305070892313864,46.259679688892206,7.16472707932199,293.1851469530788,0
35.41824407491644,80.13216548978552,34.09840429975716,7.111297610726684,72.7061085410287,0
22.131965062675437,62.909344336894634,62.2922606026029,5.948637117707053,198.99321285120058,0
21.502755634716173,64.14844360426775,69.0276885209351,5.952158142021125,251.72990963988346,0
34.563775124072066,46.67399862079719,52.78581896467084,7.1346106244264735,165.19813777096928,0
29.90982632412397,44.03007568785623,78.02211651536877,7.360796840338651,45.94335002518686,0
33.76804792855472,76.39696534868827,23.100123299477666,5.690721842546007,218.43493120084992,0
28.696546772074925,64.82305761776499,50.28773589827169,6.40011727885245,180.0754230298749,0
24.928040664782138,61.842535130758975,63.10723683935301,6.1749085579284575,219.37517680421251,0
36.38204635348399,76.47541143261984,71.75842826895074,7.2413769109148785,230.92398685712615,0
35.98831757937958,78.27564494955548,30.755336714467404,5.667049829360037,292.62311030542355,0
33.893929417088536,47.94540838346768,68.00020890582088,5.922251885116075,172.068984008013,0
25.44290274459925,70.51125747388207,53.162424543112714,7.0049366751729885,102.49233380718054,0
31.804613337381742,46.76770411388428,43.7932209193978,5.602587697962431,194.53936707007114,0
27.219477938800537,77.56875430145229,27.902901714745614,6.485070761428578,20.53221277278784,0
21.831641466532684,72.84775781335698,71.91774553453475,6.38421406935944,269.2191954964759,0
38.34627150924486,87.8307310541729,29.43639249078292,6.168802357977498,35.814303401459036,0
22.736372618379228,43.44790081782106,38.58727155254596,6.289144630637848,98.35285136574548,0
39.00474707641605,42.852736057562716,37.40273191774621,6.559881173860466,244.72361418783626,0
28.920115459159113,54.109353734660004,72.28484205145125,5.8227347167767665,179.19371349921354,0
